{"cameraMode":{"drawMode":0,"name":"Shaded","section":"Shading Mode"},"sceneLighting":true,"audioPlay":true,"sceneViewState":{"showFog":true,"showMaterialUpdate":true,"showSkybox":false,"showFlares":true,"showImageEffects":true,"showParticleSystems":true},"in2DMode":false,"pivot":{"x":3.1721549034118654,"y":1.9429163932800294,"z":-1.681786060333252},"rotation":{"x":0.23463718593120576,"y":0.6611971855163574,"z":-0.23003585636615754,"w":0.6744247674942017},"size":8.900564193725586,"orthographic":false}