{"cameraMode":{"drawMode":0,"name":"Shaded","section":"Shading Mode"},"sceneLighting":true,"audioPlay":true,"sceneViewState":{"showFog":true,"showMaterialUpdate":true,"showSkybox":true,"showFlares":true,"showImageEffects":true,"showParticleSystems":true},"in2DMode":false,"pivot":{"x":-70.52592468261719,"y":-36.460838317871097,"z":48.09484100341797},"rotation":{"x":0.18270790576934815,"y":-0.4621341824531555,"z":0.09792517125606537,"w":0.8622435331344605},"size":54.619632720947269,"orthographic":false}