{"cameraMode":{"drawMode":0,"name":"Shaded","section":"Shading Mode"},"sceneLighting":false,"audioPlay":true,"sceneViewState":{"showFog":true,"showMaterialUpdate":true,"showSkybox":false,"showFlares":true,"showImageEffects":true,"showParticleSystems":true},"in2DMode":false,"pivot":{"x":-131.60000610351563,"y":5.039999961853027,"z":-22.889999389648439},"rotation":{"x":0.09387801587581635,"y":-0.8511964082717896,"z":0.16309219598770142,"w":0.48995524644851687},"size":7.071068286895752,"orthographic":false}