{"cameraMode":{"drawMode":0,"name":"Shaded","section":"Shading Mode"},"sceneLighting":false,"audioPlay":false,"sceneViewState":{"showFog":true,"showMaterialUpdate":false,"showSkybox":true,"showFlares":true,"showImageEffects":true,"showParticleSystems":true},"in2DMode":false,"pivot":{"x":-72.41461181640625,"y":155.0328369140625,"z":56.20951461791992},"rotation":{"x":-0.20251818001270295,"y":-0.27118733525276186,"z":0.05854170024394989,"w":-0.9391866326332092},"size":98.60739135742188,"orthographic":false}