{"cameraMode":{"drawMode":0,"name":"Shaded","section":"Shading Mode"},"sceneLighting":true,"audioPlay":false,"sceneViewState":{"showFog":true,"showMaterialUpdate":false,"showSkybox":true,"showFlares":true,"showImageEffects":true,"showParticleSystems":true},"in2DMode":false,"pivot":{"x":-630.72412109375,"y":-115.45269775390625,"z":252.53358459472657},"rotation":{"x":-0.3120984435081482,"y":0.5892588496208191,"z":-0.2637123763561249,"w":-0.6970641613006592},"size":671.622314453125,"orthographic":false}