{"cameraMode":{"drawMode":0,"name":"Shaded","section":"Shading Mode"},"sceneLighting":false,"audioPlay":false,"sceneViewState":{"showFog":true,"showMaterialUpdate":false,"showSkybox":false,"showFlares":true,"showImageEffects":true,"showParticleSystems":true},"in2DMode":false,"pivot":{"x":108.42484283447266,"y":1.7699999809265137,"z":-5.475151062011719},"rotation":{"x":-0.241416797041893,"y":0.6973920464515686,"z":-0.6172393560409546,"w":-0.27277934551239016},"size":140.17149353027345,"orthographic":false}