{"cameraMode":{"drawMode":0,"name":"Shaded","section":"Shading Mode"},"sceneLighting":false,"audioPlay":false,"sceneViewState":{"showFog":true,"showMaterialUpdate":false,"showSkybox":false,"showFlares":true,"showImageEffects":true,"showParticleSystems":true},"in2DMode":false,"pivot":{"x":110.52334594726563,"y":-34.75288009643555,"z":-133.17129516601563},"rotation":{"x":0.2234162539243698,"y":0.23805172741413117,"z":-0.05635850504040718,"w":0.9435424208641052},"size":57.931060791015628,"orthographic":false}