{"cameraMode":{"drawMode":0,"name":"Shaded","section":"Shading Mode"},"sceneLighting":true,"audioPlay":false,"sceneViewState":{"showFog":true,"showMaterialUpdate":false,"showSkybox":true,"showFlares":true,"showImageEffects":true,"showParticleSystems":true},"in2DMode":false,"pivot":{"x":-71.936767578125,"y":-35.688140869140628,"z":659.5645751953125},"rotation":{"x":-0.22557701170444489,"y":0.7034990191459656,"z":-0.2542567253112793,"w":-0.6241456270217896},"size":251.26092529296876,"orthographic":false}