{"cameraMode":{"drawMode":0,"name":"Shaded","section":"Shading Mode"},"sceneLighting":false,"audioPlay":false,"sceneViewState":{"showFog":true,"showMaterialUpdate":false,"showSkybox":true,"showFlares":true,"showImageEffects":true,"showParticleSystems":true},"in2DMode":false,"pivot":{"x":188.57388305664063,"y":19.91094970703125,"z":-120.55498504638672},"rotation":{"x":0.23091791570186616,"y":0.6642485857009888,"z":-0.22775165736675263,"w":0.67348313331604},"size":78.5162124633789,"orthographic":false}