{"cameraMode":{"drawMode":0,"name":"Shaded","section":"Shading Mode"},"sceneLighting":false,"audioPlay":false,"sceneViewState":{"showFog":true,"showMaterialUpdate":false,"showSkybox":true,"showFlares":true,"showImageEffects":true,"showParticleSystems":true},"in2DMode":false,"pivot":{"x":85.12252807617188,"y":76.24748992919922,"z":735.9317016601563},"rotation":{"x":-0.372600257396698,"y":0.2024940699338913,"z":-0.08362964540719986,"w":-0.901785671710968},"size":67.4627685546875,"orthographic":false}