{"cameraMode":{"drawMode":0,"name":"Shaded","section":"Shading Mode"},"sceneLighting":true,"audioPlay":false,"sceneViewState":{"showFog":true,"showMaterialUpdate":true,"showSkybox":true,"showFlares":true,"showImageEffects":true,"showParticleSystems":true},"in2DMode":false,"pivot":{"x":32.433292388916019,"y":37.66753387451172,"z":542.0582275390625},"rotation":{"x":-0.013187236152589322,"y":-0.021002091467380525,"z":-0.00027689343551173806,"w":0.999695897102356},"size":207.0702667236328,"orthographic":false}