{"cameraMode":{"drawMode":0,"name":"Shaded","section":"Shading Mode"},"sceneLighting":false,"audioPlay":false,"sceneViewState":{"showFog":true,"showMaterialUpdate":false,"showSkybox":true,"showFlares":true,"showImageEffects":true,"showParticleSystems":true},"in2DMode":false,"pivot":{"x":63.723358154296878,"y":137.0374298095703,"z":-22.000572204589845},"rotation":{"x":0.10618855059146881,"y":-0.8323336839675903,"z":0.17115797102451325,"w":0.5163867473602295},"size":89.89061737060547,"orthographic":false}