{"cameraMode":{"drawMode":0,"name":"Shaded","section":"Shading Mode"},"sceneLighting":false,"audioPlay":false,"sceneViewState":{"showFog":true,"showMaterialUpdate":false,"showSkybox":true,"showFlares":true,"showImageEffects":true,"showParticleSystems":true},"in2DMode":false,"pivot":{"x":193.17547607421876,"y":-195.53977966308595,"z":15.072683334350586},"rotation":{"x":-0.4229189455509186,"y":-0.5597192645072937,"z":0.40178126096725466,"w":-0.5886428952217102},"size":154.32566833496095,"orthographic":false}