{"cameraMode":{"drawMode":0,"name":"Shaded","section":"Shading Mode"},"sceneLighting":false,"audioPlay":false,"sceneViewState":{"showFog":true,"showMaterialUpdate":false,"showSkybox":false,"showFlares":true,"showImageEffects":true,"showParticleSystems":true},"in2DMode":false,"pivot":{"x":1.0524086952209473,"y":-0.3655996322631836,"z":-0.8565289974212647},"rotation":{"x":-0.2903033196926117,"y":0.7095428109169006,"z":-0.4446561336517334,"w":-0.46322792768478396},"size":3.515749454498291,"orthographic":false}