{"cameraMode":{"drawMode":0,"name":"Shaded","section":"Shading Mode"},"sceneLighting":false,"audioPlay":false,"sceneViewState":{"showFog":true,"showMaterialUpdate":false,"showSkybox":true,"showFlares":true,"showImageEffects":true,"showParticleSystems":true},"in2DMode":false,"pivot":{"x":127.2371826171875,"y":-50.64134979248047,"z":-35.99853515625},"rotation":{"x":0.0912831649184227,"y":0.9077039361000061,"z":-0.3112253248691559,"w":0.2662317752838135},"size":153.3901824951172,"orthographic":false}