{"cameraMode":{"drawMode":0,"name":"Shaded","section":"Shading Mode"},"sceneLighting":false,"audioPlay":false,"sceneViewState":{"showFog":true,"showMaterialUpdate":false,"showSkybox":true,"showFlares":true,"showImageEffects":true,"showParticleSystems":true},"in2DMode":false,"pivot":{"x":-56.30766296386719,"y":138.60934448242188,"z":-48.021942138671878},"rotation":{"x":0.08951518684625626,"y":0.34731820225715639,"z":0.03341267630457878,"w":-0.9329029321670532},"size":218.3276824951172,"orthographic":false}