{"cameraMode":{"drawMode":0,"name":"Shaded","section":"Shading Mode"},"sceneLighting":false,"audioPlay":false,"sceneViewState":{"showFog":true,"showMaterialUpdate":false,"showSkybox":true,"showFlares":true,"showImageEffects":true,"showParticleSystems":true},"in2DMode":false,"pivot":{"x":172.73828125,"y":5.745323181152344,"z":57.330142974853519},"rotation":{"x":0.510463535785675,"y":-0.257922887802124,"z":0.16380003094673158,"w":0.803788423538208},"size":47.68608856201172,"orthographic":false}