{"cameraMode":{"drawMode":0,"name":"Shaded","section":"Shading Mode"},"sceneLighting":false,"audioPlay":false,"sceneViewState":{"showFog":true,"showMaterialUpdate":false,"showSkybox":true,"showFlares":true,"showImageEffects":true,"showParticleSystems":true},"in2DMode":false,"pivot":{"x":89.57557678222656,"y":25.726715087890626,"z":41.036590576171878},"rotation":{"x":-0.25949400663375857,"y":-0.04689682647585869,"z":0.012655510567128659,"w":-0.9645535945892334},"size":114.52566528320313,"orthographic":false}