{"cameraMode":{"drawMode":0,"name":"Shaded","section":"Shading Mode"},"sceneLighting":false,"audioPlay":false,"sceneViewState":{"showFog":true,"showMaterialUpdate":false,"showSkybox":true,"showFlares":true,"showImageEffects":true,"showParticleSystems":true},"in2DMode":false,"pivot":{"x":112.37760162353516,"y":-21.272546768188478,"z":11.423629760742188},"rotation":{"x":-0.25949400663375857,"y":-0.04689682647585869,"z":0.012655510567128659,"w":-0.9645535945892334},"size":47.166656494140628,"orthographic":false}