{"cameraMode":{"drawMode":0,"name":"Shaded","section":"Shading Mode"},"sceneLighting":false,"audioPlay":false,"sceneViewState":{"showFog":true,"showMaterialUpdate":false,"showSkybox":false,"showFlares":true,"showImageEffects":true,"showParticleSystems":true},"in2DMode":false,"pivot":{"x":0.0,"y":4.479999542236328,"z":0.940000057220459},"rotation":{"x":-0.36296671628952029,"y":0.06229230388998985,"z":-0.024290017783641816,"w":-0.9294325113296509},"size":9.448284149169922,"orthographic":false}