{"cameraMode":{"drawMode":0,"name":"Shaded","section":"Shading Mode"},"sceneLighting":false,"audioPlay":false,"sceneViewState":{"showFog":true,"showMaterialUpdate":false,"showSkybox":true,"showFlares":true,"showImageEffects":true,"showParticleSystems":true},"in2DMode":false,"pivot":{"x":277.2730712890625,"y":-126.36076354980469,"z":43.65455627441406},"rotation":{"x":-0.22079481184482575,"y":-0.4324764907360077,"z":0.11014242470264435,"w":-0.867260754108429},"size":148.38587951660157,"orthographic":false}