{"cameraMode":{"drawMode":0,"name":"Shaded","section":"Shading Mode"},"sceneLighting":false,"audioPlay":false,"sceneViewState":{"showFog":true,"showMaterialUpdate":false,"showSkybox":false,"showFlares":true,"showImageEffects":true,"showParticleSystems":true},"in2DMode":false,"pivot":{"x":-5.760000228881836,"y":9.239999771118164,"z":39.36000061035156},"rotation":{"x":-0.010178887285292149,"y":-0.04498833045363426,"z":-0.0004970906302332878,"w":0.9989664554595947},"size":46.036067962646487,"orthographic":false}