{"cameraMode":{"drawMode":0,"name":"Shaded","section":"Shading Mode"},"sceneLighting":false,"audioPlay":false,"sceneViewState":{"showFog":true,"showMaterialUpdate":false,"showSkybox":true,"showFlares":true,"showImageEffects":true,"showParticleSystems":true},"in2DMode":false,"pivot":{"x":1067.009521484375,"y":158.27069091796876,"z":124.40608215332031},"rotation":{"x":0.03118167817592621,"y":-0.018583765253424646,"z":-0.0005442700930871069,"w":-0.9993708729743958},"size":225.01214599609376,"orthographic":true}