{"cameraMode":{"drawMode":0,"name":"Shaded","section":"Shading Mode"},"sceneLighting":false,"audioPlay":false,"sceneViewState":{"showFog":true,"showMaterialUpdate":false,"showSkybox":false,"showFlares":true,"showImageEffects":true,"showParticleSystems":true},"in2DMode":false,"pivot":{"x":108.42484283447266,"y":1.7699999809265137,"z":-5.475151062011719},"rotation":{"x":-0.2304610311985016,"y":-0.04579523950815201,"z":0.010904278606176377,"w":-0.9719729423522949},"size":140.17149353027345,"orthographic":false}