{"cameraMode":{"drawMode":0,"name":"Shaded","section":"Shading Mode"},"sceneLighting":false,"audioPlay":false,"sceneViewState":{"showFog":true,"showMaterialUpdate":false,"showSkybox":true,"showFlares":true,"showImageEffects":true,"showParticleSystems":true},"in2DMode":false,"pivot":{"x":-46.11196517944336,"y":6.96673583984375,"z":802.0661010742188},"rotation":{"x":-0.41384226083755495,"y":0.5055017471313477,"z":-0.3011683523654938,"w":-0.6946254968643189},"size":67.54109954833985,"orthographic":false}