{"cameraMode":{"drawMode":0,"name":"Shaded","section":"Shading Mode"},"sceneLighting":false,"audioPlay":false,"sceneViewState":{"showFog":true,"showMaterialUpdate":false,"showSkybox":false,"showFlares":true,"showImageEffects":true,"showParticleSystems":true},"in2DMode":false,"pivot":{"x":52.7672119140625,"y":-51.068145751953128,"z":-73.69430541992188},"rotation":{"x":0.18905577063560487,"y":-0.07797989994287491,"z":0.015062632970511914,"w":0.978752076625824},"size":115.49215698242188,"orthographic":false}