{"cameraMode":{"drawMode":0,"name":"Shaded","section":"Shading Mode"},"sceneLighting":false,"audioPlay":false,"sceneViewState":{"showFog":true,"showMaterialUpdate":false,"showSkybox":true,"showFlares":true,"showImageEffects":true,"showParticleSystems":true},"in2DMode":false,"pivot":{"x":28.70777702331543,"y":14.310410499572754,"z":2.0274362564086916},"rotation":{"x":-0.06487458199262619,"y":0.8729075193405151,"z":0.12095634639263153,"w":0.4681815803050995},"size":20.087400436401368,"orthographic":false}