{"cameraMode":{"drawMode":0,"name":"Shaded","section":"Shading Mode"},"sceneLighting":false,"audioPlay":false,"sceneViewState":{"showFog":true,"showMaterialUpdate":false,"showSkybox":true,"showFlares":true,"showImageEffects":true,"showParticleSystems":true},"in2DMode":false,"pivot":{"x":-3.5626049041748049,"y":-2.7749099731445314,"z":13.513094902038575},"rotation":{"x":-0.22176115214824677,"y":0.6556346416473389,"z":-0.21060332655906678,"w":-0.6903706789016724},"size":10.0,"orthographic":false}