{"cameraMode":{"drawMode":0,"name":"Shaded","section":"Shading Mode"},"sceneLighting":false,"audioPlay":false,"sceneViewState":{"showFog":true,"showMaterialUpdate":false,"showSkybox":true,"showFlares":true,"showImageEffects":true,"showParticleSystems":true},"in2DMode":false,"pivot":{"x":152.31524658203126,"y":51.102325439453128,"z":750.9487915039063},"rotation":{"x":0.2994455099105835,"y":0.18033067882061006,"z":-0.05774485692381859,"w":0.9351380467414856},"size":92.05296325683594,"orthographic":false}