{"cameraMode":{"drawMode":0,"name":"Shaded","section":"Shading Mode"},"sceneLighting":false,"audioPlay":false,"sceneViewState":{"showFog":true,"showMaterialUpdate":false,"showSkybox":true,"showFlares":true,"showImageEffects":true,"showParticleSystems":true},"in2DMode":false,"pivot":{"x":174.5504150390625,"y":-792.0771484375,"z":177.57559204101563},"rotation":{"x":0.4275514781475067,"y":0.5722295045852661,"z":-0.48424726724624636,"w":0.5052364468574524},"size":639.5371704101563,"orthographic":false}