{"cameraMode":{"drawMode":0,"name":"Shaded","section":"Shading Mode"},"sceneLighting":false,"audioPlay":false,"sceneViewState":{"showFog":true,"showMaterialUpdate":false,"showSkybox":true,"showFlares":true,"showImageEffects":true,"showParticleSystems":true},"in2DMode":false,"pivot":{"x":318.65423583984377,"y":-372.6136474609375,"z":-46.834930419921878},"rotation":{"x":0.1694371998310089,"y":0.8047778010368347,"z":-0.27324149012565615,"w":0.49907389283180239},"size":787.7393798828125,"orthographic":false}