{"cameraMode":{"drawMode":0,"name":"Shaded","section":"Shading Mode"},"sceneLighting":false,"audioPlay":false,"sceneViewState":{"showFog":true,"showMaterialUpdate":false,"showSkybox":false,"showFlares":true,"showImageEffects":true,"showParticleSystems":true},"in2DMode":false,"pivot":{"x":-0.9284095764160156,"y":-8.015914916992188,"z":6.8472089767456059},"rotation":{"x":-0.3718278408050537,"y":0.6272559762001038,"z":-0.4619791507720947,"w":-0.5048558712005615},"size":24.232654571533204,"orthographic":false}