{"cameraMode":{"drawMode":0,"name":"Shaded","section":"Shading Mode"},"sceneLighting":false,"audioPlay":false,"sceneViewState":{"showFog":true,"showMaterialUpdate":false,"showSkybox":true,"showFlares":true,"showImageEffects":true,"showParticleSystems":true},"in2DMode":false,"pivot":{"x":-169.33224487304688,"y":-0.03431985527276993,"z":-321.83184814453127},"rotation":{"x":-0.19099339842796327,"y":0.800780713558197,"z":-0.3322666585445404,"w":-0.4603044092655182},"size":15.12895679473877,"orthographic":false}