{"cameraMode":{"drawMode":0,"name":"Shaded","section":"Shading Mode"},"sceneLighting":false,"audioPlay":false,"sceneViewState":{"showFog":true,"showMaterialUpdate":false,"showSkybox":true,"showFlares":true,"showImageEffects":true,"showParticleSystems":true},"in2DMode":false,"pivot":{"x":-1414.4759521484375,"y":-1955.513916015625,"z":-63.33966064453125},"rotation":{"x":0.43202298879623415,"y":-0.48306548595428469,"z":0.297712117433548,"w":0.7010197043418884},"size":1299.1375732421875,"orthographic":false}