{"cameraMode":{"drawMode":0,"name":"Shaded","section":"Shading Mode"},"sceneLighting":false,"audioPlay":false,"sceneViewState":{"showFog":true,"showMaterialUpdate":false,"showSkybox":true,"showFlares":true,"showImageEffects":true,"showParticleSystems":true},"in2DMode":false,"pivot":{"x":-468.7218322753906,"y":-43.486480712890628,"z":-556.0769653320313},"rotation":{"x":0.35796669125556948,"y":-0.0325784832239151,"z":0.012469286099076271,"w":0.9331232905387878},"size":317.5848083496094,"orthographic":false}