{"cameraMode":{"drawMode":0,"name":"Shaded","section":"Shading Mode"},"sceneLighting":false,"audioPlay":false,"sceneViewState":{"showFog":true,"showMaterialUpdate":false,"showSkybox":false,"showFlares":true,"showImageEffects":true,"showParticleSystems":true},"in2DMode":false,"pivot":{"x":-40.76715850830078,"y":42.916133880615237,"z":-43.51087951660156},"rotation":{"x":0.07196087390184403,"y":0.7997569441795349,"z":-0.5879039764404297,"w":0.09789232164621353},"size":45.739662170410159,"orthographic":true}