{"cameraMode":{"drawMode":0,"name":"Shaded","section":"Shading Mode"},"sceneLighting":false,"audioPlay":false,"sceneViewState":{"showFog":true,"showMaterialUpdate":false,"showSkybox":false,"showFlares":true,"showImageEffects":true,"showParticleSystems":true},"in2DMode":false,"pivot":{"x":33.09006118774414,"y":41.50693130493164,"z":-75.4698486328125},"rotation":{"x":-0.24726814031600953,"y":0.751324474811554,"z":-0.45837950706481936,"w":-0.40529370307922366},"size":4.288719654083252,"orthographic":false}