{"cameraMode":{"drawMode":0,"name":"Shaded","section":"Shading Mode"},"sceneLighting":false,"audioPlay":false,"sceneViewState":{"showFog":true,"showMaterialUpdate":false,"showSkybox":false,"showFlares":true,"showImageEffects":true,"showParticleSystems":true},"in2DMode":false,"pivot":{"x":-1.8496078252792359,"y":-2.0797431468963625,"z":5.479046821594238},"rotation":{"x":-0.22954465448856355,"y":0.14593090116977693,"z":-0.03483079373836517,"w":-0.9616707563400269},"size":3.4724302291870119,"orthographic":false}