{"cameraMode":{"drawMode":0,"name":"Shaded","section":"Shading Mode"},"sceneLighting":false,"audioPlay":false,"sceneViewState":{"showFog":true,"showMaterialUpdate":false,"showSkybox":false,"showFlares":true,"showImageEffects":true,"showParticleSystems":true},"in2DMode":false,"pivot":{"x":-16.69171905517578,"y":-16.20071792602539,"z":-59.52479553222656},"rotation":{"x":0.11795290559530258,"y":0.880736768245697,"z":-0.349122017621994,"w":0.2975403964519501},"size":45.31972122192383,"orthographic":true}