{"cameraMode":{"drawMode":0,"name":"Shaded","section":"Shading Mode"},"sceneLighting":false,"audioPlay":false,"sceneViewState":{"showFog":true,"showMaterialUpdate":false,"showSkybox":false,"showFlares":true,"showImageEffects":true,"showParticleSystems":true},"in2DMode":false,"pivot":{"x":63.6842155456543,"y":-5.0990753173828129,"z":-171.74609375},"rotation":{"x":0.45805951952934267,"y":-0.000003512182274789666,"z":0.0000036697454106615625,"w":0.8889261484146118},"size":46.25689697265625,"orthographic":false}