{"cameraMode":{"drawMode":0,"name":"Shaded","section":"Shading Mode"},"sceneLighting":true,"audioPlay":false,"sceneViewState":{"showFog":true,"showMaterialUpdate":false,"showSkybox":false,"showFlares":true,"showImageEffects":true,"showParticleSystems":true},"in2DMode":false,"pivot":{"x":-1.105998158454895,"y":2.5734100341796877,"z":7.440978050231934},"rotation":{"x":0.06561242043972016,"y":0.03052634559571743,"z":0.002008228562772274,"w":-0.9973763823509216},"size":6.845485210418701,"orthographic":false}