{"cameraMode":{"drawMode":0,"name":"Shaded","section":"Shading Mode"},"sceneLighting":false,"audioPlay":false,"sceneViewState":{"showFog":true,"showMaterialUpdate":false,"showSkybox":true,"showFlares":true,"showImageEffects":true,"showParticleSystems":true},"in2DMode":false,"pivot":{"x":4.00467586517334,"y":-539.9066162109375,"z":355.2743835449219},"rotation":{"x":-0.40118110179901125,"y":0.00466547068208456,"z":-0.002050806302577257,"w":-0.91599041223526},"size":514.77978515625,"orthographic":false}