{"cameraMode":{"drawMode":0,"name":"Shaded","section":"Shading Mode"},"sceneLighting":false,"audioPlay":false,"sceneViewState":{"showFog":true,"showMaterialUpdate":false,"showSkybox":true,"showFlares":true,"showImageEffects":true,"showParticleSystems":true},"in2DMode":false,"pivot":{"x":84.82955932617188,"y":0.46968841552734377,"z":-185.88232421875},"rotation":{"x":-0.2826375663280487,"y":0.7165168523788452,"z":-0.4298073649406433,"w":-0.47118833661079409},"size":14.20129108428955,"orthographic":false}