{"cameraMode":{"drawMode":0,"name":"Shaded","section":"Shading Mode"},"sceneLighting":true,"audioPlay":false,"sceneViewState":{"showFog":true,"showMaterialUpdate":false,"showSkybox":false,"showFlares":true,"showImageEffects":true,"showParticleSystems":true},"in2DMode":false,"pivot":{"x":-0.346945196390152,"y":0.3989052474498749,"z":1.040650725364685},"rotation":{"x":0.30014556646347048,"y":-0.17805306613445283,"z":0.057133749127388,"w":0.9353866577148438},"size":1.6042304039001465,"orthographic":false}