{"cameraMode":{"drawMode":0,"name":"Shaded","section":"Shading Mode"},"sceneLighting":false,"audioPlay":false,"sceneViewState":{"showFog":true,"showMaterialUpdate":false,"showSkybox":true,"showFlares":true,"showImageEffects":true,"showParticleSystems":true},"in2DMode":false,"pivot":{"x":80.7984848022461,"y":0.4796276092529297,"z":-75.38760375976563},"rotation":{"x":-0.2029339224100113,"y":0.7531440854072571,"z":-0.2709312438964844,"w":-0.5641628503799439},"size":150.68797302246095,"orthographic":false}