{"cameraMode":{"drawMode":0,"name":"Shaded","section":"Shading Mode"},"sceneLighting":false,"audioPlay":false,"sceneViewState":{"showFog":true,"showMaterialUpdate":false,"showSkybox":false,"showFlares":true,"showImageEffects":true,"showParticleSystems":true},"in2DMode":false,"pivot":{"x":80.67174530029297,"y":15.118000030517579,"z":-170.12338256835938},"rotation":{"x":0.15420062839984895,"y":0.6885086297988892,"z":-0.6918362975120544,"w":0.15345816314220429},"size":39.02046585083008,"orthographic":false}