{"cameraMode":{"drawMode":0,"name":"Shaded","section":"Shading Mode"},"sceneLighting":false,"audioPlay":false,"sceneViewState":{"showFog":true,"showMaterialUpdate":false,"showSkybox":false,"showFlares":true,"showImageEffects":true,"showParticleSystems":true},"in2DMode":false,"pivot":{"x":108.42484283447266,"y":1.7699999809265137,"z":-5.475151062011719},"rotation":{"x":-0.11368987709283829,"y":-0.6775879263877869,"z":0.7186644077301025,"w":-0.10718584060668946},"size":140.17149353027345,"orthographic":false}