{"cameraMode":{"drawMode":0,"name":"Shaded","section":"Shading Mode"},"sceneLighting":false,"audioPlay":false,"sceneViewState":{"showFog":true,"showMaterialUpdate":false,"showSkybox":true,"showFlares":true,"showImageEffects":true,"showParticleSystems":true},"in2DMode":false,"pivot":{"x":107.29889678955078,"y":-134.4005126953125,"z":-20.194839477539064},"rotation":{"x":-0.3491422235965729,"y":-0.05562370643019676,"z":0.02076105773448944,"w":-0.9351967573165894},"size":109.85792541503906,"orthographic":false}