{"cameraMode":{"drawMode":0,"name":"Shaded","section":"Shading Mode"},"sceneLighting":false,"audioPlay":false,"sceneViewState":{"showFog":true,"showMaterialUpdate":false,"showSkybox":true,"showFlares":true,"showImageEffects":true,"showParticleSystems":true},"in2DMode":false,"pivot":{"x":24.513031005859376,"y":-36.350982666015628,"z":75.60690307617188},"rotation":{"x":-0.2662423849105835,"y":-0.5568938255310059,"z":0.19448967278003694,"w":-0.7623394131660461},"size":185.46961975097657,"orthographic":false}