{"cameraMode":{"drawMode":0,"name":"Shaded","section":"Shading Mode"},"sceneLighting":false,"audioPlay":false,"sceneViewState":{"showFog":true,"showMaterialUpdate":false,"showSkybox":false,"showFlares":true,"showImageEffects":true,"showParticleSystems":true},"in2DMode":false,"pivot":{"x":-0.026675641536712648,"y":0.2431747019290924,"z":-0.0024118125438690187},"rotation":{"x":-0.47086575627326968,"y":0.04044061154127121,"z":-0.02166268415749073,"w":-0.8810635805130005},"size":1.9010155200958253,"orthographic":false}