{"cameraMode":{"drawMode":0,"name":"Shaded","section":"Shading Mode"},"sceneLighting":false,"audioPlay":false,"sceneViewState":{"showFog":true,"showMaterialUpdate":false,"showSkybox":false,"showFlares":true,"showImageEffects":true,"showParticleSystems":true},"in2DMode":false,"pivot":{"x":-2.298919677734375,"y":2.6065902709960939,"z":-1.436187744140625},"rotation":{"x":0.017927471548318864,"y":0.9786816239356995,"z":-0.09751283377408982,"w":0.1799117773771286},"size":187.11990356445313,"orthographic":false}