{"cameraMode":{"drawMode":0,"name":"Shaded","section":"Shading Mode"},"sceneLighting":false,"audioPlay":false,"sceneViewState":{"showFog":true,"showMaterialUpdate":false,"showSkybox":true,"showFlares":true,"showImageEffects":true,"showParticleSystems":true},"in2DMode":false,"pivot":{"x":43.992950439453128,"y":-82.3525390625,"z":196.93316650390626},"rotation":{"x":0.4182712733745575,"y":-0.24897080659866334,"z":0.12036259472370148,"w":0.8652040362358093},"size":285.694580078125,"orthographic":false}