{"cameraMode":{"drawMode":0,"name":"Shaded","section":"Shading Mode"},"sceneLighting":false,"audioPlay":false,"sceneViewState":{"showFog":true,"showMaterialUpdate":false,"showSkybox":true,"showFlares":true,"showImageEffects":true,"showParticleSystems":true},"in2DMode":false,"pivot":{"x":-1332.5631103515625,"y":-1477.874267578125,"z":110.46929931640625},"rotation":{"x":-0.13287262618541718,"y":0.8331384062767029,"z":-0.48625823855400088,"w":-0.22765414416790009},"size":1073.1888427734375,"orthographic":false}