{"cameraMode":{"drawMode":0,"name":"Shaded","section":"Shading Mode"},"sceneLighting":false,"audioPlay":false,"sceneViewState":{"showFog":true,"showMaterialUpdate":false,"showSkybox":false,"showFlares":true,"showImageEffects":true,"showParticleSystems":true},"in2DMode":false,"pivot":{"x":109.8510971069336,"y":-0.010000000707805157,"z":-5.1732635498046879},"rotation":{"x":-0.5659447312355042,"y":-0.20301347970962525,"z":0.1462615430355072,"w":-0.7855608463287354},"size":137.44122314453126,"orthographic":false}