{"cameraMode":{"drawMode":0,"name":"Shaded","section":"Shading Mode"},"sceneLighting":false,"audioPlay":false,"sceneViewState":{"showFog":true,"showMaterialUpdate":false,"showSkybox":true,"showFlares":true,"showImageEffects":true,"showParticleSystems":true},"in2DMode":false,"pivot":{"x":22.0887451171875,"y":-32.23724365234375,"z":-171.79434204101563},"rotation":{"x":-0.42060771584510805,"y":-0.4760299324989319,"z":0.2778317928314209,"w":-0.7206501960754395},"size":423.6838073730469,"orthographic":false}