{"cameraMode":{"drawMode":0,"name":"Shaded","section":"Shading Mode"},"sceneLighting":false,"audioPlay":false,"sceneViewState":{"showFog":false,"showMaterialUpdate":false,"showSkybox":false,"showFlares":false,"showImageEffects":false,"showParticleSystems":false},"in2DMode":false,"pivot":{"x":49.8127326965332,"y":-17.903770446777345,"z":31.46860122680664},"rotation":{"x":-0.18553107976913453,"y":-0.38135266304016116,"z":0.07841937988996506,"w":-0.9022254347801209},"size":41.303497314453128,"orthographic":false}