{"cameraMode":{"drawMode":0,"name":"Shaded","section":"Shading Mode"},"sceneLighting":false,"audioPlay":false,"sceneViewState":{"showFog":true,"showMaterialUpdate":false,"showSkybox":true,"showFlares":true,"showImageEffects":true,"showParticleSystems":true},"in2DMode":false,"pivot":{"x":428.4298095703125,"y":-6.921478271484375,"z":1475.273681640625},"rotation":{"x":-0.06775565445423126,"y":-0.008382889442145825,"z":0.000573712692130357,"w":-0.9976719617843628},"size":989.932373046875,"orthographic":false}