{"cameraMode":{"drawMode":0,"name":"Shaded","section":"Shading Mode"},"sceneLighting":true,"audioPlay":false,"sceneViewState":{"showFog":true,"showMaterialUpdate":false,"showSkybox":false,"showFlares":true,"showImageEffects":true,"showParticleSystems":true},"in2DMode":false,"pivot":{"x":-0.2022571563720703,"y":2.780010938644409,"z":2.0143258571624758},"rotation":{"x":-0.04663625732064247,"y":-0.6020817160606384,"z":-0.03526203706860542,"w":0.796291172504425},"size":6.514263153076172,"orthographic":false}