{"cameraMode":{"drawMode":0,"name":"Shaded","section":"Shading Mode"},"sceneLighting":false,"audioPlay":false,"sceneViewState":{"showFog":true,"showMaterialUpdate":false,"showSkybox":true,"showFlares":true,"showImageEffects":true,"showParticleSystems":true},"in2DMode":false,"pivot":{"x":891.9869995117188,"y":-514.0973510742188,"z":803.9182739257813},"rotation":{"x":-0.19287574291229249,"y":-0.35773965716362,"z":0.07598823308944702,"w":-0.9105652570724487},"size":728.1795043945313,"orthographic":false}