{"cameraMode":{"drawMode":0,"name":"Shaded","section":"Shading Mode"},"sceneLighting":false,"audioPlay":false,"sceneViewState":{"showFog":true,"showMaterialUpdate":false,"showSkybox":true,"showFlares":true,"showImageEffects":true,"showParticleSystems":true},"in2DMode":false,"pivot":{"x":15.172630310058594,"y":-2.8154029846191408,"z":-55.28268814086914},"rotation":{"x":-0.09260265529155731,"y":0.53315269947052,"z":-0.0586068220436573,"w":-0.8388966917991638},"size":58.033870697021487,"orthographic":false}