{"cameraMode":{"drawMode":0,"name":"Shaded","section":"Shading Mode"},"sceneLighting":false,"audioPlay":false,"sceneViewState":{"showFog":true,"showMaterialUpdate":false,"showSkybox":true,"showFlares":true,"showImageEffects":true,"showParticleSystems":true},"in2DMode":false,"pivot":{"x":291.977783203125,"y":-64.47262573242188,"z":17.150283813476564},"rotation":{"x":0.1584499031305313,"y":0.509027361869812,"z":-0.09594791382551193,"w":0.8405962586402893},"size":165.9502716064453,"orthographic":false}