{"cameraMode":{"drawMode":0,"name":"Shaded","section":"Shading Mode"},"sceneLighting":false,"audioPlay":false,"sceneViewState":{"showFog":true,"showMaterialUpdate":false,"showSkybox":true,"showFlares":true,"showImageEffects":true,"showParticleSystems":true},"in2DMode":false,"pivot":{"x":78.07197570800781,"y":-8.978866577148438,"z":-38.056617736816409},"rotation":{"x":-0.29085004329681399,"y":0.14763189852237702,"z":-0.0454755499958992,"w":-0.9442188143730164},"size":21.750408172607423,"orthographic":false}