{"cameraMode":{"drawMode":0,"name":"Shaded","section":"Shading Mode"},"sceneLighting":false,"audioPlay":false,"sceneViewState":{"showFog":true,"showMaterialUpdate":false,"showSkybox":false,"showFlares":true,"showImageEffects":true,"showParticleSystems":true},"in2DMode":false,"pivot":{"x":79.82431030273438,"y":7.920657157897949,"z":-97.31120300292969},"rotation":{"x":0.07520174235105515,"y":-0.03141074255108833,"z":0.002367607783526182,"w":0.9966769814491272},"size":20.362836837768556,"orthographic":false}