{"cameraMode":{"drawMode":0,"name":"Shaded","section":"Shading Mode"},"sceneLighting":false,"audioPlay":false,"sceneViewState":{"showFog":true,"showMaterialUpdate":false,"showSkybox":true,"showFlares":true,"showImageEffects":true,"showParticleSystems":true},"in2DMode":false,"pivot":{"x":78.02299499511719,"y":2.5763015747070314,"z":-60.295692443847659},"rotation":{"x":0.27133023738861086,"y":0.41600948572158816,"z":-0.1315697878599167,"w":0.8579257130622864},"size":39.77028274536133,"orthographic":false}