{"cameraMode":{"drawMode":0,"name":"Shaded","section":"Shading Mode"},"sceneLighting":false,"audioPlay":false,"sceneViewState":{"showFog":true,"showMaterialUpdate":false,"showSkybox":true,"showFlares":true,"showImageEffects":true,"showParticleSystems":true},"in2DMode":false,"pivot":{"x":-39.05015563964844,"y":45.581809997558597,"z":127.50836181640625},"rotation":{"x":-0.03840421140193939,"y":0.5706809759140015,"z":-0.02673315815627575,"w":-0.8198370933532715},"size":65.09374237060547,"orthographic":false}