{"cameraMode":{"drawMode":0,"name":"Shaded","section":"Shading Mode"},"sceneLighting":false,"audioPlay":false,"sceneViewState":{"showFog":true,"showMaterialUpdate":false,"showSkybox":true,"showFlares":true,"showImageEffects":true,"showParticleSystems":true},"in2DMode":false,"pivot":{"x":-33.61543273925781,"y":-47.02397918701172,"z":114.73263549804688},"rotation":{"x":0.010769194923341275,"y":-0.8086035251617432,"z":0.014806807972490788,"w":0.5880699753761292},"size":298.80023193359377,"orthographic":false}