{"cameraMode":{"drawMode":0,"name":"Shaded","section":"Shading Mode"},"sceneLighting":false,"audioPlay":false,"sceneViewState":{"showFog":true,"showMaterialUpdate":false,"showSkybox":true,"showFlares":true,"showImageEffects":true,"showParticleSystems":true},"in2DMode":false,"pivot":{"x":-158.66656494140626,"y":-1487.222412109375,"z":203.10186767578126},"rotation":{"x":-0.4563596546649933,"y":0.4863283038139343,"z":-0.33293768763542178,"w":-0.6666179895401001},"size":1211.15576171875,"orthographic":false}